{
  "project_info": {
    "project_number": "496443784355",
    "project_id": "cleanconnect-10bed",
    "storage_bucket": "cleanconnect-10bed.appspot.com"
  },
  "client": [
    {
      "client_info": {
        "mobilesdk_app_id": "1:496443784355:android:fcb6b42040873bd79e5316",
        "android_client_info": {
          "package_name": "com.example.cleanconnect"
        }
      },
      "oauth_client": [],
      "api_key": [
        {
          "current_key": "AIzaSyALPc0P7nygBC9laWvlspKAq2b9xiEZ16g"
        }
      ],
      "services": {
        "appinvite_service": {
          "other_platform_oauth_client": []
        }
      }
    }
  ],
  "configuration_version": "1"
}